title,address,price,distance,link
The Bennett,"8005 Russell Rd, Charlottesville, VA 22903",Call for Rent,0.5 miles to UVa,https://offgroundshousing.student.virginia.edu/housing/property/the-bennett/krp5ngb
Sunset Avenue 2BR Duplex - Luxurious living for an affordable price!,"106 Sunset Avenue, Charlottesville, VA 22903","$2,025",0.5 miles to UVa,https://offgroundshousing.student.virginia.edu/housing/property/sunset-avenue-2br-duplex-luxurious-living-for-an-affordable-price/ocp8dy97l2
Altoview Apartment Homes,"310 Fisher St, Charlottesville, VA 22911","$1,967 - $2,942",4.1 miles to UVa,https://offgroundshousing.student.virginia.edu/housing/property/altoview-apartment-homes/k98sgs8
MSC Managed Condo at Walker Square!,"700 Walker Square, Charlottesville, VA 22903","$1,700",1 miles to UVa,https://offgroundshousing.student.virginia.edu/housing/property/msc-managed-condo-at-walker-square/ocpdm7py7l
10th & Dairy,"400 10th St NW, Charlottesville, VA 22903","$1,887 - $4,218",0.8 miles to UVa,https://offgroundshousing.student.virginia.edu/housing/property/10th-and-dairy/x0yb9rm
Hemlock Lane - Quaint Home Available in August!,"932 Hemlock Ln, Charlottesville, VA 22903","$1,975",0.7 miles to UVa,https://offgroundshousing.student.virginia.edu/housing/property/hemlock-lane-quaint-home-available-in-august/ocpz1ps10w
Six hundred West Main,"600 W Main St, Charlottesville, VA 22903","$2,423 - $5,660",0.4 miles to UVa,https://offgroundshousing.student.virginia.edu/housing/property/six-hundred-west-main/8z0s1t2
The Barringer,"428 Monroe Lane, Charlottesville, VA 22903","$2,290 - $3,115",0 miles to UVa,https://offgroundshousing.student.virginia.edu/housing/property/the-barringer/ocp4l52z2h
The Arrowood,"4010 Entrada Dr, Charlottesville, VA 22901","$1,678 - $2,991",3.4 miles to UVa,https://offgroundshousing.student.virginia.edu/housing/property/the-arrowood/chrkb2g
The Woods | Reduced Rate! Newly Renovated 2 Bedroom,"Woodburn Court, Charlottesville, VA 22901","$1,700",4.3 miles to UVa,https://offgroundshousing.student.virginia.edu/housing/property/the-woods-reduced-rate-newly-renovated-2-bedroom/ocp31jw15g
Maximilian at Stonefield,"2105 Bond St, Charlottesville, VA 22901","$1,995 - $3,841",1.8 miles to UVa,https://offgroundshousing.student.virginia.edu/housing/property/maximilian-at-stonefield/f3fwt5v
Ash Tree Townhomes,,"$1,945 - $2,575",0.5 miles to UVa,https://offgroundshousing.student.virginia.edu/housing/property/ash-tree-townhomes/ocpw03cfyl
The Meriwether,"1000 East Market St., Charlottesville, VA 22903","$1,675 - $1,695",1.3 miles to UVa,https://offgroundshousing.student.virginia.edu/housing/property/the-meriwether/ocp81dfxq1
Cambridge Square Townhomes - Only 15 Units Left!,"814 Cabell Avenue, Charlottesville, VA 22903",$838 - $988 /Bedroom,0.6 miles to UVa,https://offgroundshousing.student.virginia.edu/housing/property/cambridge-square-townhomes-only-15-units-left/ocpx7h9jfp
The Ridge at North Pointe,"5025 Huntly Ridge St, Charlottesville, VA 22911","$1,904 - $2,910",9.3 miles to UVa,https://offgroundshousing.student.virginia.edu/housing/property/the-ridge-at-north-pointe/8kw4h32
Various Condos Available at Walker Square!,"745 Walker Square Apt 3B, Charlottesville, VA 22903","$1,700 - $1,785",0.5 miles to UVa,https://offgroundshousing.student.virginia.edu/housing/property/various-condos-available-at-walker-square/ocptz2rq7b
Rio Point,"7010 Bo St, Charlottesville, VA 22901","$1,842 - $3,434",3.4 miles to UVa,https://offgroundshousing.student.virginia.edu/housing/property/rio-point/bez84h9
4 Bedroom Duplex Available Near UVA!,"101 Bollingwood Road, Charlottesville, VA 22903","$3,500",0.3 miles to UVa,https://offgroundshousing.student.virginia.edu/housing/property/4-bedroom-duplex-available-near-uva/ocpr9ddmm2
507 16th Street Apartments,"507 16th Street Northwest, Charlottesville, VA 22903","$1,475 - $1,915",0.2 miles to UVa,https://offgroundshousing.student.virginia.edu/housing/property/507-16th-street-apartments/ocpcp8e67f
Charming Home Available Near UVA,"2001 Ivy Road, Charlottesville, VA 22903","$3,700",0.3 miles to UVa,https://offgroundshousing.student.virginia.edu/housing/property/charming-home-available-near-uva/ocpe5c1dfn
104 Kent Terrace,"104 Kent Terrace, Charlottesville, VA 22903","$1,505",0 miles to UVa,https://offgroundshousing.student.virginia.edu/housing/property/104-kent-terrace/ocpsbh7et7
Arlington Park Townhomes,"2102 Arlington Boulevard, Charlottesville, VA 22903","$1,865 - $2,100",0.2 miles to UVa,https://offgroundshousing.student.virginia.edu/housing/property/arlington-park-townhomes/ocpdxjby3k
The 12 Twelve,"1212 Cedars Court, Charlottesville, VA 22903","$1,995 - $2,670",0.8 miles to UVa,https://offgroundshousing.student.virginia.edu/housing/property/the-12-twelve/ocp83cq0m2
1 Month FREE! Various Houses and Townhouses Available Now!,"Mimosa Court, Charlottesville, VA 22903","$1,750 - $1,995",0.3 miles to UVa,https://offgroundshousing.student.virginia.edu/housing/property/1-month-free-various-houses-and-townhouses-available-now/ocpj4j9xl6
525 Ridge Street | Luxury Living,"525 Ridge Street, Charlottesville, VA 22902","$2,165 - $2,675",1.2 miles to UVa,https://offgroundshousing.student.virginia.edu/housing/property/525-ridge-street-luxury-living/ocpfgl7f7t
Grove Street Townhouse,"1102A Grove Street, Charlottesville, VA 22903","$1,825",0.8 miles to UVa,https://offgroundshousing.student.virginia.edu/housing/property/grove-street-townhouse/ocpgpwkysz
Preston Square Apartments- Only 7 Units Left!,"1111 Preston Avenue, Charlottesville, VA 22903","$899 - $1,000 /Bedroom",0.7 miles to UVa,https://offgroundshousing.student.virginia.edu/housing/property/preston-square-apartments-only-7-units-left/ocp8evzxm0
2 Bedroom Duplex Available Now! 1/2 Off Deposit,"1103 River Court, Charlottesville, VA 22901","$1,395",2.7 miles to UVa,https://offgroundshousing.student.virginia.edu/housing/property/2-bedroom-duplex-available-now-1-2-off-deposit/ocpws91m2l
The Vue,"3000 Vue Ave, Crozet, VA 22932","$1,576 - $2,594",11 miles to UVa,https://offgroundshousing.student.virginia.edu/housing/property/the-vue/pj3lypt
All UTILITIES INCLUDED! Leasing By The Room 1 bedroom: Available NOW!,"1100 Preston Avenue, Charlottesville, VA 22903",$895 /Bedroom,0.6 miles to UVa,https://offgroundshousing.student.virginia.edu/housing/property/all-utilities-included-leasing-by-the-room-1-bedroom-available-now/ocp16qqlr5
Crestline Charlottesville,"108 10th St NW, Charlottesville, VA 22903","$849 - $1,610",0.7 miles to UVa,https://offgroundshousing.student.virginia.edu/housing/property/crestline-charlottesville/ztyqz1x
2026-2027 School Year ALL UTILITES INCLUDED By The Room on 14th St,"463 14th Street Northwest, Charlottesville, VA 22903","$1,225 /Bedroom",0.7 miles to UVa,https://offgroundshousing.student.virginia.edu/housing/property/2026-2027-school-year-all-utilites-included-by-the-room-on-14th-st/ocpqgd4dfz
Ash Tree Apartments,"611- 621 Madison Avenue, Charlottesville, VA 22903","$900 - $2,050",0.4 miles to UVa,https://offgroundshousing.student.virginia.edu/housing/property/ash-tree-apartments/ocpsjsr4j7
All UTILITIES INCLUDED! Leasing By The Room: Available NOW - Fall 2025 or Spring 2026 Terms,"502 14th Street Northwest, Charlottesville, VA 22903","$1,175 /Bedroom",0.6 miles to UVa,https://offgroundshousing.student.virginia.edu/housing/property/all-utilities-included-leasing-by-the-room-available-now-fall-2025-or-spring-2026-terms/ocpnxejcrq
Archer at Brookhill,"485 Crafton Cir, Charlottesville, VA 22911","$1,655 - $2,707",5.5 miles to UVa,https://offgroundshousing.student.virginia.edu/housing/property/archer-at-brookhill/t1xhcy8
Charming House,"1321 Willow Drive, Charlottesville, VA 22902","$2,100",2.8 miles to UVa,https://offgroundshousing.student.virginia.edu/housing/property/charming-house/ocpcncjpgd
One Hundred Avon,"100 Avon Street, Charlottesville, VA 22902","$1,695 - $1,975",1.9 miles to UVa,https://offgroundshousing.student.virginia.edu/housing/property/one-hundred-avon/ocpmxplx1h
119 Chisholm Place,"119 Chisholm Place, Charlottesville, VA 22902","$2,400",2.6 miles to UVa,https://offgroundshousing.student.virginia.edu/housing/property/119-chisholm-place/ocpbyqfcd8
The Fred 4BR - One Month Free - Move-In Today!,"1207 Wertland Street, Charlottesville, VA 22903","$3,800",0.6 miles to UVa,https://offgroundshousing.student.virginia.edu/housing/property/the-fred-4br-one-month-free-move-in-today/ocp7rc5cvw
Cozy 2-Bedroom Apartment in the Heart of Charlottesville,"816 Avon Street B, Charlottesville, VA 22902","$1,985",1.8 miles to UVa,https://offgroundshousing.student.virginia.edu/housing/property/cozy-2-bedroom-apartment-in-the-heart-of-charlottesville/ocpcw24h5g
Avemore Apartment Homes,"1540 Avemore Ln, Charlottesville, VA 22911","$1,739 - $2,417",3.3 miles to UVa,https://offgroundshousing.student.virginia.edu/housing/property/avemore-apartment-homes/xn4ymrq
"Heart of UVA 13th St 4 BR, 2.5 Bath Within Walking Distance of UVA","510 13th Street Northwest, Charlottesville, VA 22903","$4,400",0.8 miles to UVa,https://offgroundshousing.student.virginia.edu/housing/property/heart-of-uva-13th-st-4-br-2-5-bath-within-walking-distance-of-uva/ocp5f6sm8q
Burnet on Elliott - 2BR Available,"114 Elliott Avenue, Charlottesville, VA 22902","$1,925 - $2,575",0.6 miles to UVa,https://offgroundshousing.student.virginia.edu/housing/property/burnet-on-elliott-2br-available/ocpwgw48nj
1625 Center Avenue,"1625 Center Avenue, Charlottesville, VA 22903","$2,400",0.6 miles to UVa,https://offgroundshousing.student.virginia.edu/housing/property/1625-center-avenue/ocphb2ygb3
1821 JPA,"1821 Jefferson Park Avenue, Charlottesville, VA 22903","$1,500 - $1,725",0.1 miles to UVa,https://offgroundshousing.student.virginia.edu/housing/property/1821-jpa/ocpv9sv6ze
Lewis Hills Subdivision in Ivy!,"2424 Holkham Drive Extd, Charlottesville, VA 22901","$3,750",7.1 miles to UVa,https://offgroundshousing.student.virginia.edu/housing/property/lewis-hills-subdivision-in-ivy/ocphhtpe10
"Mosby Apartments located on 15th Street near UVA's Central Grounds. Lease now, only one room left!","510-512 15th Street Northwest, Charlottesville, VA 22903","$1,315",0.3 miles to UVa,https://offgroundshousing.student.virginia.edu/housing/property/mosby-apartments-located-on-15th-street-near-uvas-central-grounds-lease-now-only-one-room-left/ocp5d13mlq
Albemarle Townhouse,"270 Albert Court, Charlottesville, VA 22901","$2,000",2.7 miles to UVa,https://offgroundshousing.student.virginia.edu/housing/property/albemarle-townhouse/ocpmgy4pck
The Woodlands of Charlottesville,"1720 Treetop Dr, Charlottesville, VA 22903","$2,200 - $2,825",1.7 miles to UVa,https://offgroundshousing.student.virginia.edu/housing/property/the-woodlands-of-charlottesville/q5c26lw
Steps to UVA & The Corner – 463 14th St NW,"463 14th Street Northwest, Charlottesville, VA 22903","$10,800",0.7 miles to UVa,https://offgroundshousing.student.virginia.edu/housing/property/steps-to-uva-and-the-corner-463-14th-st-nw/ocpcb1h5be
The Hudson - Available Now!,"901 River Road, Charlottesville, VA 22901","$1,750 - $1,840",2.9 miles to UVa,https://offgroundshousing.student.virginia.edu/housing/property/the-hudson-available-now/ocpdjqp59l
Downtown Condo,"511 N. 1st Street #203, Charlottesville, VA 22902","$1,995",1.7 miles to UVa,https://offgroundshousing.student.virginia.edu/housing/property/downtown-condo/ocpf2wsbkt
606 Gillespie,"606 Gillespie Avenue, Charlottesville, VA 22902","$1,300 - $1,350",2.3 miles to UVa,https://offgroundshousing.student.virginia.edu/housing/property/606-gillespie/ocpkm63qkb
975 Green Murray Hill,"975 Green Murray Hill, Charlottesville, VA 22903","$2,250",9.2 miles to UVa,https://offgroundshousing.student.virginia.edu/housing/property/975-green-murray-hill/ocpe8dlnrm
Oxford Hill 2BR 1BTH,"704 Madison Avenue, Charlottesville, VA 22903","$825 - $2,200",0.7 miles to UVa,https://offgroundshousing.student.virginia.edu/housing/property/oxford-hill-2br-1bth/ocpqyxme6z
Crozet One Bedroom!,"1302 Crozet Avenue, Crozet, VA 22932","$1,295",10.7 miles to UVa,https://offgroundshousing.student.virginia.edu/housing/property/crozet-one-bedroom/ocp0qs7z52
1701 Gordon Avenue,"1701 Gordon Ave, Charlottesville, VA 22903","$1,449 - $1,575",0.1 miles to UVa,https://offgroundshousing.student.virginia.edu/housing/property/1701-gordon-avenue/ocptze6gn8
Quiet Troy Retreat with Easy Access to Charlottesville – 912 Hunters Lodge,"912 Hunters Lodge Road, Troy, VA 22974","$4,200",24.8 miles to UVa,https://offgroundshousing.student.virginia.edu/housing/property/quiet-troy-retreat-with-easy-access-to-charlottesville-912-hunters-lodge/ocpn64khgq
Cambridge House Apartments,"839 Preston Avenue, Charlottesville, VA 22903","$1,599 - $1,665",1.1 miles to UVa,https://offgroundshousing.student.virginia.edu/housing/property/cambridge-house-apartments/ocptp239y8
River Run Condo!,"760 Merion Greene, Charlottesville, VA 22901","$1,795",4 miles to UVa,https://offgroundshousing.student.virginia.edu/housing/property/river-run-condo/ocp99gkqd6
City Walk Apartments,"1111 E Water St, Charlottesville, VA 22902","$1,805 - $2,450",1.8 miles to UVa,https://offgroundshousing.student.virginia.edu/housing/property/city-walk-apartments/jp9kh46
"Need Roommate for Brand New Home, 10 miles from UVA","5126 Lazy Branch Ln, Keswick, VA 22947","$1,350 /Bedroom",10.1 miles to UVa,https://offgroundshousing.student.virginia.edu/housing/property/need-roommate-for-brand-new-home-10-miles-from-uva/ocpdyhhe1h
Nob Hill - One Bed One Bath,"500 McIntire Rd, Charlottesville, VA 22902","$1,620 - $1,795",1 mile to UVa,https://offgroundshousing.student.virginia.edu/housing/property/nob-hill-one-bed-one-bath/ocpm7d8zjh
"Yellow House Furnished with all utilities, Bedrooms in a House $750-1000",,"$750 - $1,000 /Bedroom",12.2 miles to UVa,https://offgroundshousing.student.virginia.edu/housing/property/yellow-house-furnished-with-all-utilities-bedrooms-in-a-house-750-1000/ocpn13j9kq
Rugby McIntyre,"611 Rugby Road, Charlottesville, VA 22903","$913 - $1,500",0.3 miles to UVa,https://offgroundshousing.student.virginia.edu/housing/property/rugby-mcintyre/ocp18ysgl6
"UVA Townhouse Charlottesville, Virginia","115 Elliott Avenue, Charlottesville, VA 22902","$1,800",1.2 miles to UVa,https://offgroundshousing.student.virginia.edu/housing/property/uva-townhouse-charlottesville-virginia/ocpws8eb2k
The Grove,"126 13th Street NW, Charlottesville, VA 22903","$1,590",0.2 miles to UVa,https://offgroundshousing.student.virginia.edu/housing/property/the-grove/ocp99ejrn7
114 Howard Drive / 2-Bedroom Apartments / UVA and Shopping / Utilities Included,"114 Howard Drive Unit #1, CHARLOTTESVILLE, VA 22903","$1,800",1 miles to UVa,https://offgroundshousing.student.virginia.edu/housing/property/114-howard-drive-2-bedroom-apartments-uva-and-shopping-utilities-included/ocpb7e2nh8
Beacon on 5th,"100 Dalton Ln, Charlottesville, VA 22903","$1,714 - $2,804",1.7 miles to UVa,https://offgroundshousing.student.virginia.edu/housing/property/beacon-on-5th/ww6yy7k
Grandmarc At The Corner,"301 15th Street Northwest, Charlottesville, VA 22903","$1,236 - $1,240 /Bedroom",0.6 miles to UVa,https://offgroundshousing.student.virginia.edu/housing/property/grandmarc-at-the-corner/ocp5r86dnq
Arden Place,"1810 Arden Creek Ln, Charlottesville, VA 22901","$1,628 - $2,761",3.9 miles to UVa,https://offgroundshousing.student.virginia.edu/housing/property/arden-place/l8fm7be
"Price drop! Home on 5 wooded acres by Bold Rock,Devils Backbone&Wintergreen!Short- or long-term ren","43 Old Turtle Place, Nellysford, VA 22958","$3,750",31.3 miles to UVa,https://offgroundshousing.student.virginia.edu/housing/property/price-drop-home-on-5-wooded-acres-by-bold-rock-devils-backbone-and-wintergreen-short-or-long-term-ren/ocpjn9yle5
Wertland Square,"216-218 14th St, Charlottesville, VA 22903","$1,305 - $3,250",0.4 miles to UVa,https://offgroundshousing.student.virginia.edu/housing/property/wertland-square/755xv6x
House on the Hill,,"$3,300",3.5 miles to UVa,https://offgroundshousing.student.virginia.edu/housing/property/house-on-the-hill/ocpc9ptfyd
5 Row Apartments,"506 Five Row Way, Charlottesville, VA 22903","$1,699 - $2,405",1.7 miles to UVa,https://offgroundshousing.student.virginia.edu/housing/property/5-row-apartments/8wjlg53
"Quiet, furnished 2 BR near UVA/Hospital","108 Raymond Avenue B, Charlottesville, VA 22903","$2,200",0.2 miles to UVa,https://offgroundshousing.student.virginia.edu/housing/property/quiet-furnished-2-br-near-uva-hospital/ocpyxdxd8s
Attain on 5th,"100 Wahoo Way, Charlottesville, VA 22903","$1,992 - $2,435",2.4 miles to UVa,https://offgroundshousing.student.virginia.edu/housing/property/attain-on-5th/h3cscr2
"Furnished, All utilities, close to UVa. $900-1200",,"$900 - $1,300 /Bedroom",3.1 miles to UVa,https://offgroundshousing.student.virginia.edu/housing/property/furnished-all-utilities-close-to-uva-900-1200/ocptke4kr8
Old Trail Village- One and Two Bedroom Apartments Available!,"1005 Heathercroft Circle #210, Crozet, VA 22932","$1,725 - $1,900",14.6 miles to UVa,https://offgroundshousing.student.virginia.edu/housing/property/old-trail-village-one-and-two-bedroom-apartments-available/ocp1dfscl5
MSC Apartments Rugby McIntyre,"611 Rugby Road, Charlottesville, VA 22903",$820 /Bedroom,0.2 miles to UVa,https://offgroundshousing.student.virginia.edu/housing/property/msc-apartments-rugby-mcintyre/ocpg87l2gx
South Range,"1600 Jefferson Park Ave, Charlottesville, VA 22903","$2,518 - $3,467",0 miles to UVa,https://offgroundshousing.student.virginia.edu/housing/property/south-range/xmfe04q
"Fully furnished, 3 bed, 2.5 bath, steps from Scott Stadium","2307 Price Avenue, Charlottesville, VA 22903","$4,620",0.2 miles to UVa,https://offgroundshousing.student.virginia.edu/housing/property/fully-furnished-3-bed-2-5-bath-steps-from-scott-stadium/ocpqh7br3x
The Reserve at Belvedere,"200 Reserve Blvd, Charlottesville, VA 22901","$1,945 - $3,270",3.8 miles to UVa,https://offgroundshousing.student.virginia.edu/housing/property/the-reserve-at-belvedere/jkqd0d6
New Listing! Apartment available in June- Sublet available for May!,,"$1,378",0.8 miles to UVa,https://offgroundshousing.student.virginia.edu/housing/property/new-listing-apartment-available-in-june-sublet-available-for-may/ocpc7bb5he
5th Street Place,"411 Afton Pond Ct, Charlottesville, VA 22902","$1,756 - $2,237",1.9 miles to UVa,https://offgroundshousing.student.virginia.edu/housing/property/5th-street-place/jtzh5l4
"Females only. One Price for Everything Furnished, Utilities, Gym/Pool. Walk to Hospital, UVA, CVille","765 Walker Square, Charlottesville, VA 22903","$1,600 /Bedroom",1.1 miles to UVa,https://offgroundshousing.student.virginia.edu/housing/property/females-only-one-price-for-everything-furnished-utilities-gym-pool-walk-to-hospital-uva-cville/ocp51phcrq
Lakeside Apartments,"200 Lake Club Ct, Charlottesville, VA 22902","$1,885 - $2,335",5.1 miles to UVa,https://offgroundshousing.student.virginia.edu/housing/property/lakeside-apartments/8p7rnn1
"Raleigh Court - Large 2 BR Apt close to campus and the corner, 6 Month Sublet Jan 1 - May 31, 2026","10 University Circle, Charlottesville, VA 22903","$2,170",0.1 miles to UVa,https://offgroundshousing.student.virginia.edu/housing/property/raleigh-court-large-2-br-apt-close-to-campus-and-the-corner-6-month-sublet-jan-1-may-31-2026/ocptfxxph9
Arlington Court Apartments - 1 Bedroom Available 2026-2027,"2432 Arlington Boulevard Apt. #C6, Charlottesville, VA 22903","$1,220",0 miles to UVa,https://offgroundshousing.student.virginia.edu/housing/property/arlington-court-apartments-1-bedroom-available-2026-2027/ocpfsbwqes
The Condos at Hessian Hills,"2404 Barracks Ct, Charlottesville, VA 22901","$1,900",1.1 miles to UVa,https://offgroundshousing.student.virginia.edu/housing/property/the-condos-at-hessian-hills/ocph4pcbk0
Ivy Garden,"100 Ivy Drive, Charlottesville, VA 22903","$1,425 - $2,135",0 miles to UVa,https://offgroundshousing.student.virginia.edu/housing/property/ivy-garden/ocp6gynmss
Howard Drive Apartments / Utilities Included / UVA Location,"114 Howard Drive Apartment #2, CHARLOTTESVILLE, VA 22903","$1,800",1 miles to UVa,https://offgroundshousing.student.virginia.edu/housing/property/howard-drive-apartments-utilities-included-uva-location/ocp56dpxwm
Various 1 and 2 Bedroom Apartments Available on Grady Ave,"1500 Grady Avenue, Charlottesville, VA 22903","$1,075 - $1,600",0.3 miles to UVa,https://offgroundshousing.student.virginia.edu/housing/property/various-1-and-2-bedroom-apartments-available-on-grady-ave/ocp5svyhfp
Short Rock Furnished w/ utilities Bedrooms in a house $800-950/month,,"$800 - $1,000 /Bedroom",12.1 miles to UVa,https://offgroundshousing.student.virginia.edu/housing/property/short-rock-furnished-w-utilities-bedrooms-in-a-house-800-950-month/ocpy050hcs
University Heights,"250 Colonnade Dr, Charlottesville, VA 22903","$1,250 - $3,738",0.4 miles to UVa,https://offgroundshousing.student.virginia.edu/housing/property/university-heights/e0k536m
"1 ensuite room in 4BR/4BA Eagles Landing condo—ideal for students, all-female unit, minutes to UVA,","197 Yellowstone Drive, Charlottesville, VA 22903",$775 /Bedroom,0.9 miles to UVa,https://offgroundshousing.student.virginia.edu/housing/property/1-ensuite-room-in-4br-4ba-eagles-landing-condo-ideal-for-students-all-female-unit-minutes-to-uva/ocpjjnf8d6
Shamrock Gardens (Available for 26-27 Year),,"$1,200 - $1,360",0.2 miles to UVa,https://offgroundshousing.student.virginia.edu/housing/property/shamrock-gardens-available-for-26-27-year/ocpnm1pn6q
"1 bed, 1 bath unit steps from Scott Stadium","2307 Price Avenue, Charlottesville, VA 22903","$2,320",0.2 miles to UVa,https://offgroundshousing.student.virginia.edu/housing/property/1-bed-1-bath-unit-steps-from-scott-stadium/ocpeywhfrq
29 Central at Stonefield,"2150 Bond St, Charlottesville, VA 22901","$1,620 - $2,285",2 miles to UVa,https://offgroundshousing.student.virginia.edu/housing/property/29-central-at-stonefield/8ls4yn3
Lovely quiet home in Afton near vineyards and 27 minutes from UVA,,"$2,500",22.2 miles to UVa,https://offgroundshousing.student.virginia.edu/housing/property/lovely-quiet-home-in-afton-near-vineyards-and-27-minutes-from-uva/ocp6drcm3v
REDUCED RATES | Now Leasing 2026-2027 | $1000 Signing Bonus + $1000 Deposit!,"402 14th Street , Charlottesville, VA 22903","$998 - $3,100",0.4 miles to UVa,https://offgroundshousing.student.virginia.edu/housing/property/reduced-rates-now-leasing-2026-2027-1000-signing-bonus-1000-deposit/ocpf6y8w0v
2100 Jefferson Park Ave APT 11,"2100 Jefferson Park Avenue, Charlottesville, VA 22903",$995 /Bedroom,0.1 miles to UVa,https://offgroundshousing.student.virginia.edu/housing/property/2100-jefferson-park-ave-apt-11/ocpv7h67be
Eat. Explore. Unwind. All at Old Trail Village,"1045 Heathercroft Circle, Crozet, VA 22932","$1,995 - $2,700",15.9 miles to UVa,https://offgroundshousing.student.virginia.edu/housing/property/eat-explore-unwind-all-at-old-trail-village/ocp97qt7e5
"Beautiful renovated 3 Bedroom Townhome next to Darden, UVA LAW and Football Ground - available pe","114 Harvest Drive, Charlottesville, VA 22903",$900 /Bedroom,200+ miles to UVa,https://offgroundshousing.student.virginia.edu/housing/property/beautiful-renovated-3-bedroom-townhome-next-to-darden-uva-law-and-football-ground-available-pe/ocpm6h817k
Riverside Village Apartments,"610-620 Riverside Shops Way, Charlottesville, VA 22911","$1,899 - $1,999",3.4 miles to UVa,https://offgroundshousing.student.virginia.edu/housing/property/riverside-village-apartments/6dw43zt
University Village 55+ Condo,"500 Crestwood Drive, Charlottesville, VA 22903","$3,500",0.4 miles to UVa,https://offgroundshousing.student.virginia.edu/housing/property/university-village-55-condo/ocpf1z93mv
Woodlands of Charlottesville | Luxury Meets Convenience,"1720 Treetop Drive, Charlottesville, VA 22903","$2,000 - $2,599",2.1 miles to UVa,https://offgroundshousing.student.virginia.edu/housing/property/woodlands-of-charlottesville-luxury-meets-convenience/ocpsgmqsz7
Pavilion at North Grounds,"2101 Arlington Boulevard, Charlottesville, VA 22903","$2,199",0.3 miles to UVa,https://offgroundshousing.student.virginia.edu/housing/property/pavilion-at-north-grounds/ocpdrsgrrl
Grandmarc at the Corner,"301 15th St NW, Charlottesville, VA 22903","$895 - $2,100",0.4 miles to UVa,https://offgroundshousing.student.virginia.edu/housing/property/grandmarc-at-the-corner/w0kbenh
Spacious 3BR Townhouse w/ Yard + Parking – Near UVA Law and Business Schools,"1003 Huntwood Lane, Charlottesville, VA 22901","$2,100",1 mile to UVa,https://offgroundshousing.student.virginia.edu/housing/property/spacious-3br-townhouse-w-yard-parking-near-uva-law-and-business-schools/ocp270hcyb
Landmark Apartments (Available for 26-27 Year),"1904 Jefferson Park Avenue, Charlottesville, VA 22903","$1,200 - $1,400",0.3 miles to UVa,https://offgroundshousing.student.virginia.edu/housing/property/landmark-apartments-available-for-26-27-year/ocplgeh6df
2104 Jefferson Park Ave APT G,"2104 Jefferson Park Avenue, Charlottesville, VA 22903",$995 /Bedroom,0.2 miles to UVa,https://offgroundshousing.student.virginia.edu/housing/property/2104-jefferson-park-ave-apt-g/ocpl25f2mf
1409 Grady Ave | Leasing For 2026-2027,"1409 Grady Avenue, Charlottesville, VA 22903","$1,210 - $1,595",0.5 miles to UVa,https://offgroundshousing.student.virginia.edu/housing/property/1409-grady-ave-leasing-for-2026-2027/ocpkdr232b
Fantastic Location Near 5th Street Station!,"115 Old Fifth Circle, Charlottesville, VA 22903","$2,300",1.7 miles to UVa,https://offgroundshousing.student.virginia.edu/housing/property/fantastic-location-near-5th-street-station/ocpng77gep
Cavalier Court Apartments (Available for 26-27 Year),"2006 Stadium Rd - 210 Maury Avenue, Charlottesville, VA 22903","$1,200 - $1,360",0.2 miles to UVa,https://offgroundshousing.student.virginia.edu/housing/property/cavalier-court-apartments-available-for-26-27-year/ocpvcwr2be
Looking for Flatmates – Cozy House Near UVA West Complex,,$550 - $850 /Bedroom,1.1 miles to UVa,https://offgroundshousing.student.virginia.edu/housing/property/looking-for-flatmates-cozy-house-near-uva-west-complex/ocp1n7bl37
1/2 Off First Month's Rent - Call for details!,"459 Locust Avenue, Charlottesville, VA 22902","$1,600 - $1,925",1.5 miles to UVa,https://offgroundshousing.student.virginia.edu/housing/property/1-2-off-first-months-rent-call-for-details/ocpq1th4jz
"Condo w/Terrace, 12-Min Walk to UVA Hospital","730 Walker Square Apt 2C, Charlottesville, VA 22903","$1,900",0.9 miles to UVa,https://offgroundshousing.student.virginia.edu/housing/property/condo-w-terrace-12-min-walk-to-uva-hospital/ocpk124c19
Carratt Apartments (Available for 26-27 Year),"1918 - 2002 Jefferson Park Avenue, Charlottesville, VA 22903","$1,160 - $1,400",0.2 miles to UVa,https://offgroundshousing.student.virginia.edu/housing/property/carratt-apartments-available-for-26-27-year/ocpehkfjdm
Carrollton Terrace JPA,"114 Carrollton Terrace Apt D, Charlottesville, VA 22903","$1,250 /Bedroom",0.1 miles to UVa,https://offgroundshousing.student.virginia.edu/housing/property/carrollton-terrace-jpa/ocpv789pbd
Norcross Station,"300 4th St SE, Charlottesville, VA 22902","$1,760 - $2,170",0.9 miles to UVa,https://offgroundshousing.student.virginia.edu/housing/property/norcross-station/mfywg8h
The Standard Fully Furnished Modern 4B4B close to UVA McIntire (Girls),"853 West Main Street, Charlottesville, VA 22903","$1,145 /Bedroom",0.7 miles to UVa,https://offgroundshousing.student.virginia.edu/housing/property/the-standard-fully-furnished-modern-4b4b-close-to-uva-mcintire-girls/ocpb2xzfrc
Jefferson Commons,"1620 Jefferson Park Ave, Charlottesville, VA 22903","$1,793 - $4,405",0 miles to UVa,https://offgroundshousing.student.virginia.edu/housing/property/jefferson-commons/ctk9q4e
Sunny 1Bd/1Ba top floor condo with cathedral ceilings and fireplace,"1243 Cedars Court B-19, Charlottesville, VA 22903","$1,200",0.9 miles to UVa,https://offgroundshousing.student.virginia.edu/housing/property/sunny-1bd-1ba-top-floor-condo-with-cathedral-ceilings-and-fireplace/ocp4lkmzsj
1.4 Miles to UVA Private Country Setting 1 bdrm 1 bath $1865.00 month Furnished Utilities Included,"1440 5th Street Apt C, Charlottesville, VA 22902","$1,865",2 miles to UVa,https://offgroundshousing.student.virginia.edu/housing/property/1-4-miles-to-uva-private-country-setting-1-bdrm-1-bath-1865-00-month-furnished-utilities-included/ocp26np18c
Ivy Gardens Apartment near Darden and Law School,"128 Ivy Drive Apt 4, Charlottesville, VA 22903","$1,435",0.3 miles to UVa,https://offgroundshousing.student.virginia.edu/housing/property/ivy-gardens-apartment-near-darden-and-law-school/ocp572qkbm
Blue Ridge Crossing Apartments & Townhomes,"2639 Barracks Rd, Charlottesville, VA 22901","$1,430 - $2,849",1.8 miles to UVa,https://offgroundshousing.student.virginia.edu/housing/property/blue-ridge-crossing-apartments-and-townhomes/wk6b9dh
204 Montebello Circle Apt#3,"204 Montebello Circle Apt#3, Charlottesville, VA 22903","$1,500",0.3 miles to UVa,https://offgroundshousing.student.virginia.edu/housing/property/204-montebello-circle-apt-3/ocpjnsf2h6
Studio Apartment 112 Cleveland Ave C Available April 1st 2026,"112 Cleveland Avenue Apt C, Charlottesville, VA 22903","$1,625",0.5 miles to UVa,https://offgroundshousing.student.virginia.edu/housing/property/studio-apartment-112-cleveland-ave-c-available-april-1st-2026/ocp6q9ex5r
2Br 2 Bath with FREE UVA Shuttle Service,"192 Yellowstone Drive, Charlottesville, VA 22903","$2,400",0.9 miles to UVa,https://offgroundshousing.student.virginia.edu/housing/property/2br-2-bath-with-free-uva-shuttle-service/ocpp2s5r6s
"1 Bdrm Eficiency Apartment, UVA & Fry Springs Area Available June 8, 2026","112 Cleveland Avenue Apt D, Chalottesville, VA 22903","$1,675",0.5 miles to UVa,https://offgroundshousing.student.virginia.edu/housing/property/1-bdrm-eficiency-apartment-uva-and-fry-springs-area-available-june-8-2026/ocpzcycmfy
"Quiet, Comfortable 1 Bedroom Apartment Available (30 min from UVA)",,"$1,100",26.8 miles to UVa,https://offgroundshousing.student.virginia.edu/housing/property/quiet-comfortable-1-bedroom-apartment-available-30-min-from-uva/ocpwnbsfjh
River Setting 2 bdrm / 1 bath Country Setting 410 Dorrier Dr 1,"410 Dorrier Drive Apt 1, Charlottesville, VA 22911","$1,500",4.3 miles to UVa,https://offgroundshousing.student.virginia.edu/housing/property/river-setting-2-bdrm-1-bath-country-setting-410-dorrier-dr-1/ocph50mb80
University Apartments,"627 Cabell Avenue Apartment F, Charlottesville, VA 22903","$1,050",0.4 miles to UVa,https://offgroundshousing.student.virginia.edu/housing/property/university-apartments/ocppejb8zs
2308 Fontaine,"2308 Fontaine, Charlottesville, VA 22903","$3,200",0.2 miles to UVa,https://offgroundshousing.student.virginia.edu/housing/property/2308-fontaine/ocp5bnzrwm
Spacious Newly Built Townhouse,"117 Flint Drive, Charlottesville, VA 22903","$1,200 /Bedroom",1.3 miles to UVa,https://offgroundshousing.student.virginia.edu/housing/property/spacious-newly-built-townhouse/ocpr3604x1
130 Apple Tree Road,"130 Apple Tree Road, Charlottesville, VA 22903","$1,250 - $1,725",0.2 miles to UVa,https://offgroundshousing.student.virginia.edu/housing/property/130-apple-tree-road/ocpdnq1nel
Arlington Court Refreshed and Ready 2-Bedroom Condo,"2434 Arlington Boulevard D3, Charlottesville, VA 22903","$1,950",0 miles to UVa,https://offgroundshousing.student.virginia.edu/housing/property/arlington-court-refreshed-and-ready-2-bedroom-condo/ocprqwccz0
"515 14th St, Apt B: 3-Bedroom 2 Bath Apartment!!! Prime Location!!! 2026-2027","515 14th Street Northwest, Charlottesville, VA 22903","$1,275 /Bedroom",0.6 miles to UVa,https://offgroundshousing.student.virginia.edu/housing/property/515-14th-st-apt-b-3-bedroom-2-bath-apartment-prime-location-2026-2027/ocpsgqe9g4
Well-furnished room in quiet house near Grounds,"1955 Lewis Mountain Road, Charlottesville, VA 22903","$1,170 /Bedroom",0.3 miles to UVa,https://offgroundshousing.student.virginia.edu/housing/property/well-furnished-room-in-quiet-house-near-grounds/ocplq8q56d
"415 2nd Street, NE","415 2nd Street NE, Charlottesville, VA 22902","$1,625",1.6 miles to UVa,https://offgroundshousing.student.virginia.edu/housing/property/415-2nd-street-ne/ocpjp76b15
Shamrock Apartments,"102 Shamrock Road, Charlottesville, VA 22903",$682 - $712 /Bedroom,0.2 miles to UVa,https://offgroundshousing.student.virginia.edu/housing/property/shamrock-apartments/ocp8rp6mf0
1440 5th St B / 2 Bdrm / 1 Bath 64 Access,"1440 5th Street, Charlottesville, VA 22902","$1,650",2 miles to UVa,https://offgroundshousing.student.virginia.edu/housing/property/1440-5th-st-b-2-bdrm-1-bath-64-access/ocpf4y8yes
Grandmarc At The Corner,,"$1,375 /Bedroom",0.6 miles to UVa,https://offgroundshousing.student.virginia.edu/housing/property/grandmarc-at-the-corner/ocpjstkfb4
2026-2027 School Year 109 Kent Terr D 3 BDRM / 1 Bath,"109 Kent Terrace D, Charlottesville, VA 22903","$2,825",200+ miles to UVa,https://offgroundshousing.student.virginia.edu/housing/property/2026-2027-school-year-109-kent-terr-d-3-bdrm-1-bath/ocpzgz8hqw
Sublease for 1B1B at The Monroe,"429 Monroe Lane, Charlottesville, VA 22903",$950 /Bedroom,0.1 miles to UVa,https://offgroundshousing.student.virginia.edu/housing/property/sublease-for-1b1b-at-the-monroe/ocpk23q02c
"301 7th Street, SW - 2BR/1.0BA","301 7th Street SW, Charlottesville, VA 22903","$1,995",1 miles to UVa,https://offgroundshousing.student.virginia.edu/housing/property/301-7th-street-sw-2br-1-0ba/ocpdkc1k5j
Sublet opportunity at Jefferson Ridge!,"1046 Tupelo Court, Charlottesville, VA 22903",$880 - $890 /Bedroom,1.4 miles to UVa,https://offgroundshousing.student.virginia.edu/housing/property/sublet-opportunity-at-jefferson-ridge/ocpbpwccv9
Tarleton Square,"701 E High St, Charlottesville, VA 22902","$1,409 - $1,904",1.9 miles to UVa,https://offgroundshousing.student.virginia.edu/housing/property/tarleton-square/p5x4wkr
Summer sublet: One bedroom in furnished 2 BR/1BA apartment. Less than 10 min. walk to campus,"1800 Jefferson Park Avenue, Charlottesville, VA 22903","$1,300 /Bedroom",0.1 miles to UVa,https://offgroundshousing.student.virginia.edu/housing/property/summer-sublet-one-bedroom-in-furnished-2-br-1ba-apartment-less-than-10-min-walk-to-campus/ocp5sqj8cp
Pavilions,"2112 Jefferson Park Ave, Charlottesville, VA 22903",Call for Rent,0.3 miles to UVa,https://offgroundshousing.student.virginia.edu/housing/property/pavilions/gn6lwzz
"Furnished North Downtown apartment - Close to UVA Grounds, UVA Hospital and Downtown Mall","511 1st Street North - Apt 204, Charlottesville, VA 22902","$1,800",1.8 miles to UVa,https://offgroundshousing.student.virginia.edu/housing/property/furnished-north-downtown-apartment-close-to-uva-grounds-uva-hospital-and-downtown-mall/ocpk83hy0b
Graduate Centre,"1982 Arlington Blvd, Charlottesville, VA 22903","$790 - $1,000 /Bedroom",0.2 miles to UVa,https://offgroundshousing.student.virginia.edu/housing/property/graduate-centre/jlhsj24
Quiet 1 Bedroom Basement Apt -,"1619 King Mountain Rd., Charlottesville, VA 22901","$1,490",1.7 miles to UVa,https://offgroundshousing.student.virginia.edu/housing/property/quiet-1-bedroom-basement-apt/ocp89zjgj2
1110 Wertland Street,"1110 Wertland Street, Charlottesville, VA 22903","$1,699 - $1,799",0.2 miles to UVa,https://offgroundshousing.student.virginia.edu/housing/property/1110-wertland-street/ocpm13wprl
JPA APARTMENT - ROOM AVAILABLE,"2104 Jefferson Park Avenue, Charlottesville, VA 22903",$670 /Bedroom,0.1 miles to UVa,https://offgroundshousing.student.virginia.edu/housing/property/jpa-apartment-room-available/ocpp66p04t
1205 Wertland St. - Now Leasing for 2026-2027,"1205 Wertland Street, Charlottesville, VA 22903","$1,167 - $1,217 /Bedroom",0.2 miles to UVa,https://offgroundshousing.student.virginia.edu/housing/property/1205-wertland-st-now-leasing-for-2026-2027/ocpg642emy
3-Room townhouse close to campus,"630 Cabell Avenue, Charlottesville, VA 22903","$1,260 /Bedroom",0.5 miles to UVa,https://offgroundshousing.student.virginia.edu/housing/property/3-room-townhouse-close-to-campus/ocpnsl14hq
Jefferson Ridge Apartment Homes,"810 Catalpa Ct, Charlottesville, VA 22903","$1,775 - $2,675",1.5 miles to UVa,https://offgroundshousing.student.virginia.edu/housing/property/jefferson-ridge-apartment-homes/ocpj6fqlc4
The Wedge,"416 Monroe LN, Charlottesville, VA 22903","$1,207 - $1,262 /Bedroom",0.2 miles to UVa,https://offgroundshousing.student.virginia.edu/housing/property/the-wedge/ocppd8yzpt
Grady Apartments,"1410 Grady Avenue, Charlottesville, VA 22903","$925 - $1,449",0.3 miles to UVa,https://offgroundshousing.student.virginia.edu/housing/property/grady-apartments/ocpldsfgmf
1275 Still Meadow Ave - Beautiful 4-Bedroom Home,"1275 Still Meadow Avenue, Charlottesville, VA 22901","$4,350",4.5 miles to UVa,https://offgroundshousing.student.virginia.edu/housing/property/1275-still-meadow-ave-beautiful-4-bedroom-home/ocp3l4f3yg
1203 Wertland St. - Only a Few Studios Left,"1203 Wertland Street, Charlottesville, VA 22903","$1,575 - $1,650",0.2 miles to UVa,https://offgroundshousing.student.virginia.edu/housing/property/1203-wertland-st-only-a-few-studios-left/ocp9pjy1w7
Beautiful fully furnished two bedroom terrace level apartment on estate property in Crozet,"1918 Browns Gap Turnpike, Charlottesville, VA 22901","$2,000",9.5 miles to UVa,https://offgroundshousing.student.virginia.edu/housing/property/beautiful-fully-furnished-two-bedroom-terrace-level-apartment-on-estate-property-in-crozet/ocpzcypsmz
Camden Place,"230 14th St. NW, Charlottesville, VA 22903","$1,499 - $2,099",0.2 miles to UVa,https://offgroundshousing.student.virginia.edu/housing/property/camden-place/ocpj7s95j5
"Fully Furnished, Modern 2Bed/1Bath Condo close to UVA Grounds & Hospital System - seeking roommate","1800 Jefferson Park Avenue, Charlottesville, VA 22903",$950 /Bedroom,0.4 miles to UVa,https://offgroundshousing.student.virginia.edu/housing/property/fully-furnished-modern-2bed-1bath-condo-close-to-uva-grounds-and-hospital-system-seeking-roommate/ocperxvgcp
"148 Burnet St (Charlottesville, VA)","148 Burnet St, Charlottesville, VA 22902","$3,275",1.4 miles to UVa,https://offgroundshousing.student.virginia.edu/housing/property/148-burnet-st-charlottesville-va/je07p66
Spring&Summer 26 Sublet - Ensuite 1b1b at Lewis Mountain Rd.,"Lewis Mountain Road, Charlottesville, VA 22903","$1,200 /Bedroom",0.3 miles to UVa,https://offgroundshousing.student.virginia.edu/housing/property/spring-and-summer-26-sublet-ensuite-1b1b-at-lewis-mountain-rd/ocpx4m1nwn
"874 Estes St (Charlottesville, VA)","874 Estes St, Charlottesville, VA 22903","$3,375",0.7 miles to UVa,https://offgroundshousing.student.virginia.edu/housing/property/874-estes-st-charlottesville-va/dvsgcvh
"Wertland Square Apartments, on the corner","218 14th Street Northwest Apt 208, Charlottesville, VA 22903","$1,605",0.5 miles to UVa,https://offgroundshousing.student.virginia.edu/housing/property/wertland-square-apartments-on-the-corner/ocpxkzzeqm
"260 N Commerce Ave (Waynesboro, VA)","260 N Commerce Ave, Waynesboro, VA 22980",$895,25.4 miles to UVa,https://offgroundshousing.student.virginia.edu/housing/property/260-n-commerce-ave-waynesboro-va/sg3yq45
"Summer Sublet at Gold Line Stop, 5 min Walk to Law School","1982 Arlington Boulevard, Charlottesville, VA 22903",$999 /Bedroom,0.2 miles to UVa,https://offgroundshousing.student.virginia.edu/housing/property/summer-sublet-at-gold-line-stop-5-min-walk-to-law-school/ocpr907r03
"260 N Commerce Ave (Waynesboro, VA)","260 N Commerce Ave, Waynesboro, VA 22980",$795,25.4 miles to UVa,https://offgroundshousing.student.virginia.edu/housing/property/260-n-commerce-ave-waynesboro-va/zm9222w
"AVAILABLE JUNE 1, 2026- Walker Sq 1 bdr+parking+gym+biz center","Walker Square, Charlottesville, VA 22903","$1,995",0.8 miles to UVa,https://offgroundshousing.student.virginia.edu/housing/property/available-june-1-2026-walker-sq-1-bdr-parking-gym-biz-center/ocpe1k8x4m
627 Cabell Avenue - only a couple 2 bedrooms left,"627 Cabell Avenue, Charlottesville, VA 22903",$750 - $925 /Bedroom,0.4 miles to UVa,https://offgroundshousing.student.virginia.edu/housing/property/627-cabell-avenue-only-a-couple-2-bedrooms-left/ocp4gslfpk
CHARMING FURNISHED BELMONT TOWNHOUSE (conveniently located near Downtown/IX Park and UVA),"1105 Druid Avenue, Charlottesville, VA 22902","$900 - $1,400 /Bedroom",6.2 miles to UVa,https://offgroundshousing.student.virginia.edu/housing/property/charming-furnished-belmont-townhouse-conveniently-located-near-downtown-ix-park-and-uva/ocpxr6lpfp
St. Edward's Court,"303 14th Street NW Apt. 2, Charlottesville, VA 22903","$1,000 /Bedroom",0.3 miles to UVa,https://offgroundshousing.student.virginia.edu/housing/property/st-edwards-court/ocpxxz64yp
Jefferson Ridge apartment,"1760 Sugar Maple Court, Charlottesville, VA 22903","$1,000",1.6 miles to UVa,https://offgroundshousing.student.virginia.edu/housing/property/jefferson-ridge-apartment/ocpj351yn6
"303 N Delphine Ave (Waynesboro, VA)","303 N Delphine Ave, Waynesboro, VA 22980",$850,25.4 miles to UVa,https://offgroundshousing.student.virginia.edu/housing/property/303-n-delphine-ave-waynesboro-va/t6qnte8
"Spring 2026 Sublease, one room available (male only) in 4bed 2bath, 2104 JPA APT G","2104 Jefferson Park Avenue, Charlottesville, VA 22903",$695 /Bedroom,0.2 miles to UVa,https://offgroundshousing.student.virginia.edu/housing/property/spring-2026-sublease-one-room-available-male-only-in-4bed-2bath-2104-jpa-apt-g/ocppbjpsgv
Camden Plaza,"224 14th St. N.W., Charlottesville, VA 22903","$1,849 - $1,949",0.2 miles to UVa,https://offgroundshousing.student.virginia.edu/housing/property/camden-plaza/ocp4h5pjkj
Short term lease /long term house for rent [email removed] 301 10 1/2 Street NW,"301 10 1 / 2 Street NW, Charlottesville, VA 22903","$2,325",0.8 miles to UVa,https://offgroundshousing.student.virginia.edu/housing/property/short-term-lease-long-term-house-for-rent-email-removed-301-10-1-2-street-nw/ocpxjx9mwm
Minutes to UVA Grounds and the Hospital! Now Pre-Leasing for the 2026-2027 school year,"1023 King Street, Charlottesville, VA 22903","$2,150",0.9 miles to UVa,https://offgroundshousing.student.virginia.edu/housing/property/minutes-to-uva-grounds-and-the-hospital-now-pre-leasing-for-the-2026-2027-school-year/ocpcfp8f6d
Spring Semester Room Sublet at Washington Avenue Basement Catholic Guys Apartment,"101 Washington Avenue Apt 1, Charlottesville, VA 22903",$557 /Bedroom,0.2 miles to UVa,https://offgroundshousing.student.virginia.edu/housing/property/spring-semester-room-sublet-at-washington-avenue-basement-catholic-guys-apartment/ocpd9wex9k
McIntire Plaza Apartments,"1745 Allied Street, Charlottesville, VA 22903","$1,625 - $1,949",1.4 miles to UVa,https://offgroundshousing.student.virginia.edu/housing/property/mcintire-plaza-apartments/ocpp16321v
Sublet for Spring 2026 (Females only!),"1910 Jefferson Park Avenue, Charlottesville, VA 22903",$620 - $630 /Bedroom,0.2 miles to UVa,https://offgroundshousing.student.virginia.edu/housing/property/sublet-for-spring-2026-females-only/ocp6ng393t
1027 Wertland St. - Only 1 Studio Left,"1027 Wertland Street, Charlottesville, VA 22903","$1,450",0.2 miles to UVa,https://offgroundshousing.student.virginia.edu/housing/property/1027-wertland-st-only-1-studio-left/ocpb6vj2d9
New Modern Cottage Overlooking the Meadowcreek,"1279 Kenwood Lane, Charlottesville, VA 22901","$1,900",2.6 miles to UVa,https://offgroundshousing.student.virginia.edu/housing/property/new-modern-cottage-overlooking-the-meadowcreek/ocpwnln23j
Easy walkable access to UVA Grounds - NOW LEASING FOR THE 2026 2027 TERM,"343 15th Street Northwest, Charlottesville, VA 22903","$2,495",0.6 miles to UVa,https://offgroundshousing.student.virginia.edu/housing/property/easy-walkable-access-to-uva-grounds-now-leasing-for-the-2026-2027-term/ocp0znqyp0
Varsity Park Apartment close to campus,"1534 Virginia Avenue, Charlottesville, VA 22903","$1,116 - $1,316 /Bedroom",0.6 miles to UVa,https://offgroundshousing.student.virginia.edu/housing/property/varsity-park-apartment-close-to-campus/ocpgywq4rz
1029 Wertland St. - $1000 rent per bedroom for 3-BR units,"1029 Wertland Street, Charlottesville, VA 22903","$1,000 - $1,375 /Bedroom",0.3 miles to UVa,https://offgroundshousing.student.virginia.edu/housing/property/1029-wertland-st-1000-rent-per-bedroom-for-3-br-units/ocpj91stj4
120 Dunova Court#B,"120 Dunova Court #B, Charlottesville, VA 22903","$1,500",0 miles to UVa,https://offgroundshousing.student.virginia.edu/housing/property/120-dunova-court-b/ocpq998pkx
Lyndhall Apartments - Only 2 Units Left for 2026-27,"64 University Way, Charlottesville, VA 22903","$1,600 /Bedroom",0.1 miles to UVa,https://offgroundshousing.student.virginia.edu/housing/property/lyndhall-apartments-only-2-units-left-for-2026-27/ocpej0w2wp
MSC Preston Square,"1111 Preston Avenue, Charlottesville, VA 22903","$1,054 /Bedroom",0.8 miles to UVa,https://offgroundshousing.student.virginia.edu/housing/property/msc-preston-square/ocpp6z29gt
"3018 Horizon Rd (Charlottesville, VA)","3018 Horizon Rd, Charlottesville, VA 22902","$3,090",2.3 miles to UVa,https://offgroundshousing.student.virginia.edu/housing/property/3018-horizon-rd-charlottesville-va/5v6ds1q
Daylight basement efficiency on Elliewood Avenue Summer Sublet,"17 C Elliewood Avenue, Charlottesville, VA 22903","$1,000",0.3 miles to UVa,https://offgroundshousing.student.virginia.edu/housing/property/daylight-basement-efficiency-on-elliewood-avenue-summer-sublet/ocpxc7w00q
Cardinal Court,"312 13th St. NW, Charlottesville, VA 22903","$950 - $1,799",0.4 miles to UVa,https://offgroundshousing.student.virginia.edu/housing/property/cardinal-court/ocps4m16z4
Walk up second story apartment overlooking Elliewood Avenue,"17 B Elliewood Avenue, Charlottesville, VA 22903","$1,800",0.3 miles to UVa,https://offgroundshousing.student.virginia.edu/housing/property/walk-up-second-story-apartment-overlooking-elliewood-avenue/ocp7l80pkz
1121 Wertland St. - Now Leasing for 2026-2027,"1121 Wertland Street, Charlottesville, VA 22903","$1,550 - $1,750",0.2 miles to UVa,https://offgroundshousing.student.virginia.edu/housing/property/1121-wertland-st-now-leasing-for-2026-2027/ocpfeknb8r
"CLEAN, FULLY-FURNISHED, CONVENIENT LOCATION - 4X4 Balcony at the Flats at West Village","852 West Main Street, Charlottesville, VA 22903","$1,162 /Bedroom",0.7 miles to UVa,https://offgroundshousing.student.virginia.edu/housing/property/clean-fully-furnished-convenient-location-4x4-balcony-at-the-flats-at-west-village/ocpsff3wx5
"2347 Abington Dr (Charlottesville, VA)","2347 Abington Dr, Charlottesville, VA 22911","$2,775",7.6 miles to UVa,https://offgroundshousing.student.virginia.edu/housing/property/2347-abington-dr-charlottesville-va/56dr64n
316 Carlton Rd Unit A,"316 Carlton Road, Charlottesville, VA 22902","$2,390 - $2,445",6.7 miles to UVa,https://offgroundshousing.student.virginia.edu/housing/property/316-carlton-rd-unit-a/ocpwdxmpfl
Raleigh Court Apartments - Now Leasing for 2026-2027!,"10 University Circle, Charlottesville, VA 22903","$975 - $1,825",0.2 miles to UVa,https://offgroundshousing.student.virginia.edu/housing/property/raleigh-court-apartments-now-leasing-for-2026-2027/ocp3x4br3g
Spring '26 Sublease! Women only,"1910 Jefferson Park Avenue, Charlottesville, VA 22903",$600 /Bedroom,0.2 miles to UVa,https://offgroundshousing.student.virginia.edu/housing/property/spring-26-sublease-women-only/ocpbt6nz79
The Pavilion at North Grounds,"2101 Arlington Blvd, Charlottesville, VA 22903","$1,220 - $2,259",0.2 miles to UVa,https://offgroundshousing.student.virginia.edu/housing/property/the-pavilion-at-north-grounds/cghy6bg
The Flats at West Village,"852 West Main Street, Charlottesville, VA 22903","$1,249 /Bedroom",0.7 miles to UVa,https://offgroundshousing.student.virginia.edu/housing/property/the-flats-at-west-village/ocpfpy12wv
The Kenilworth on JPA - Only 2 Two Bedrooms Left,"1725 Jefferson Park Avenue, Charlottesville, VA 22903","$1,675 /Bedroom",0.3 miles to UVa,https://offgroundshousing.student.virginia.edu/housing/property/the-kenilworth-on-jpa-only-2-two-bedrooms-left/ocplm1jbeg
"Spacious Room Available Now! – Quiet, Friendly Home 3b2b Near UVA and Barracks","202 Georgetown Road, Charlottesville, VA 22901",$966 /Bedroom,1.6 miles to UVa,https://offgroundshousing.student.virginia.edu/housing/property/spacious-room-available-now-quiet-friendly-home-3b2b-near-uva-and-barracks/ocp7hxq19x
Oxbridge Courtyard,"314 14th St. NW, Charlottesville, VA 22903","$1,200 - $1,825",0.4 miles to UVa,https://offgroundshousing.student.virginia.edu/housing/property/oxbridge-courtyard/ocpcdplpkd
"1800 JPA Apartment, Single Room Close to Campus","1800 Jefferson Park Avenue, Charlottesville, VA 22903",$775 /Bedroom,0.1 miles to UVa,https://offgroundshousing.student.virginia.edu/housing/property/1800-jpa-apartment-single-room-close-to-campus/ocpq5d4psy
University Quad,"1300 Wertland Street, Charlottesville, VA 22903","$1,395",0.2 miles to UVa,https://offgroundshousing.student.virginia.edu/housing/property/university-quad/ocpxnmzx1m
"The Standard Apartment, One bed, desk space, closet, and full bathroom! (part of a 2bed/2bath)","853 West Main Street Appt 636A, Charlottesville, VA 22903","$1,610 /Bedroom",0.7 miles to UVa,https://offgroundshousing.student.virginia.edu/housing/property/the-standard-apartment-one-bed-desk-space-closet-and-full-bathroom-part-of-a-2bed-2bath/ocpsm4wm35
Minutes to UVA Grounds/Hospital Now Pre-Leasing for the 2026-2027 UVA School Year!,"516 Valley Road Unit B, Charlottesville, VA 22903","$2,195",0.1 miles to UVa,https://offgroundshousing.student.virginia.edu/housing/property/minutes-to-uva-grounds-hospital-now-pre-leasing-for-the-2026-2027-uva-school-year/ocp2lks9v8
The Pavilion at North Grounds,"2101 Arlington Boulevard, Charlottesville, VA 22903","$1,479 /Bedroom",0.3 miles to UVa,https://offgroundshousing.student.virginia.edu/housing/property/the-pavilion-at-north-grounds/ocp0pzt161
1120 Wertland Street,"1120 Wertland Street, Charlottesville, VA 22903","$1,349 - $2,999",0.2 miles to UVa,https://offgroundshousing.student.virginia.edu/housing/property/1120-wertland-street/ocpg65h6bw
Apartment 5 Minutes from grounds,"33 University Circle, Charlottesville, VA 22903","$1,200 /Bedroom",0.6 miles to UVa,https://offgroundshousing.student.virginia.edu/housing/property/apartment-5-minutes-from-grounds/ocpwn2482j
Camden Courtyard,"222 14th St. NW, Charlottesville, VA 22903","$2,999 - $3,199",0.2 miles to UVa,https://offgroundshousing.student.virginia.edu/housing/property/camden-courtyard/ocpnj1e32q
1745 Allied St McIntire Plaza,,"$1,690",1.9 miles to UVa,https://offgroundshousing.student.virginia.edu/housing/property/1745-allied-st-mcintire-plaza/ocpgmbctcz
Carrollton Ridge Apts,"121 Carrollton Terrace, Charlottesville, VA 22903","$1,449 - $1,575",0.4 miles to UVa,https://offgroundshousing.student.virginia.edu/housing/property/carrollton-ridge-apts/ocp07lwxe3
The Standard,"853 West Main Street, Charlottesville, VA 22903","$1,000 - $1,200 /Bedroom",0.7 miles to UVa,https://offgroundshousing.student.virginia.edu/housing/property/the-standard/ocpx79nsbp
Park Lane Apartments,"630 Park Street, Charlottesville, VA 22902","$1,995 - $2,345",2 miles to UVa,https://offgroundshousing.student.virginia.edu/housing/property/park-lane-apartments/ocpf43tlgv
Flats at West Village,"852 West Main Street, Charlottesville, VA 22903","$1,200 - $1,300 /Bedroom",0.7 miles to UVa,https://offgroundshousing.student.virginia.edu/housing/property/flats-at-west-village/ocpfemmssr
Cottage at Graduate Court,"302 14th St. NW, Charlottesville, VA 22903","$1,449",0.2 miles to UVa,https://offgroundshousing.student.virginia.edu/housing/property/cottage-at-graduate-court/ocpb058tm9
204 Shamrock Road,"204 Shamrock Road, Charlottesville, VA 22903","$2,000",0.2 miles to UVa,https://offgroundshousing.student.virginia.edu/housing/property/204-shamrock-road/ocpfb71tmv
Fountain Court Apartments,"900 Fountain Court, Charlottesville, VA 22901","$1,625",3.1 miles to UVa,https://offgroundshousing.student.virginia.edu/housing/property/fountain-court-apartments/ocpsn6qbz5
Walking distance to UVA! NOW PRE-LEASING FOR 2027-2028 school year,"165 Chancellor Street, Charlottesville, VA 22903","$12,795",0 miles to UVa,https://offgroundshousing.student.virginia.edu/housing/property/walking-distance-to-uva-now-pre-leasing-for-2027-2028-school-year/ocpn7w37gm
423 First Street North,"423 1st Street North, Charlottesville, VA 22902","$1,499",1 miles to UVa,https://offgroundshousing.student.virginia.edu/housing/property/423-first-street-north/ocpbj5z28c
The Pavilion at North Grounds Apartments,"2101 Arlington Boulevard, Charlottesville, VA 22903","$1,615",0.3 miles to UVa,https://offgroundshousing.student.virginia.edu/housing/property/the-pavilion-at-north-grounds-apartments/ocpevssdrp
"2115 Tarleton Dr (Charlottesville, VA)","2115 Tarleton Dr, Charlottesville, VA 22901","$3,200",2.8 miles to UVa,https://offgroundshousing.student.virginia.edu/housing/property/2115-tarleton-dr-charlottesville-va/rw10jl3
"Looking to sublet apartment in apartment building on Shamrock Rd., just steps from UVA!","102 Shamrock Road, Charlottesville, VA 22903",$850,0.2 miles to UVa,https://offgroundshousing.student.virginia.edu/housing/property/looking-to-sublet-apartment-in-apartment-building-on-shamrock-rd-just-steps-from-uva/ocpqgq5q1y
Jack Jouett Apartments - Specials on select 2 bedrooms,"68 University Way, Charlottesville, VA 22903","$1,500 - $2,000 /Bedroom",0.1 miles to UVa,https://offgroundshousing.student.virginia.edu/housing/property/jack-jouett-apartments-specials-on-select-2-bedrooms/ocp79mfw0w
"Summer 2026 Sublet for Girl at Lark on Main, Close to Campus","1000 West Main Street, Charlottesville, VA 22903","$1,129 /Bedroom",0.6 miles to UVa,https://offgroundshousing.student.virginia.edu/housing/property/summer-2026-sublet-for-girl-at-lark-on-main-close-to-campus/ocp7459slw
415 2nd Street NE Unit 2,"415 2nd St NE, Charlottesville, VA 22902","$1,625",1.7 miles to UVa,https://offgroundshousing.student.virginia.edu/housing/property/415-2nd-street-ne-unit-2/w8jr88k
2723 Silas Jackson Lane,"2723 Silas Jackson Lane, Charlottesville, VA 22901","$1,895",7.1 miles to UVa,https://offgroundshousing.student.virginia.edu/housing/property/2723-silas-jackson-lane/ocpchk35pe
1321 Willow Drive Unit,"1321 Willow Dr, Charlottesville, VA 22902","$2,100",2.8 miles to UVa,https://offgroundshousing.student.virginia.edu/housing/property/1321-willow-drive-unit/plvbmyr
Renovated 3 Bedroom Townhome Close to Downtown,"105A Longwood Drive, Charlottesville, VA 22903","$2,145",1.2 miles to UVa,https://offgroundshousing.student.virginia.edu/housing/property/renovated-3-bedroom-townhome-close-to-downtown/ocprlf9yd3
270 Albert Court Unit,"270 Albert Ct, Charlottesville, VA 22901","$2,000",2.7 miles to UVa,https://offgroundshousing.student.virginia.edu/housing/property/270-albert-court-unit/n4e682p
"Montebello Circle Spring '26 Sublease–Fully Furnished, 5 min. to E-way, 10 min. to Central Grounds","106 Montebello Circle, Charlottesville, VA 22903",$800 /Bedroom,0 miles to UVa,https://offgroundshousing.student.virginia.edu/housing/property/montebello-circle-spring-26-sublease-fully-furnished-5-min-to-e-way-10-min-to-central-grounds/ocpwzh6xsj
502 Park Hill Unit,"502 Park Hill, Charlottesville, VA 22902","$4,800",2.3 miles to UVa,https://offgroundshousing.student.virginia.edu/housing/property/502-park-hill-unit/9h8fcr4
39 University Circle APT 5,"39 University Circle APT 5, Charlottesville, VA 22903","$1,200 /Bedroom",,https://offgroundshousing.student.virginia.edu/housing/property/39-university-circle-apt-5/ocpe4x3btq
5175 Lazy Branch Lane Unit,"5175 Lazy Branch Ln, Keswick, VA 22947","$3,450",10.1 miles to UVa,https://offgroundshousing.student.virginia.edu/housing/property/5175-lazy-branch-lane-unit/g19gqnx
Lark On Main,"1000 West Main Street, Charlottesville, VA 22903",$850 /Bedroom,0.6 miles to UVa,https://offgroundshousing.student.virginia.edu/housing/property/lark-on-main/ocpv9v564e
2424 Holkham Drive Unit,"2424 Holkham Dr, Charlottesville, VA 22901","$3,750",7.1 miles to UVa,https://offgroundshousing.student.virginia.edu/housing/property/2424-holkham-drive-unit/qkeqfmw
1 bedroom with den $1090 Nice apartment good location,"1000 Linden Avenue 108, Charlottesville, VA 22902","$1,090",6.4 miles to UVa,https://offgroundshousing.student.virginia.edu/housing/property/1-bedroom-with-den-1090-nice-apartment-good-location/ocpgl3vmbz
2508 Naylor Street Unit,"2508 Naylor St, Charlottesville, VA 22903","$1,900",1.2 miles to UVa,https://offgroundshousing.student.virginia.edu/housing/property/2508-naylor-street-unit/qcnrssw
Just one block from UVA! Now pre-leasing for the 2027-2028 school year,"209 B Chancellor Street, Charlottesville, VA 22903","$2,950",0 miles to UVa,https://offgroundshousing.student.virginia.edu/housing/property/just-one-block-from-uva-now-pre-leasing-for-the-2027-2028-school-year/ocpgfvspww
905 Druid Avenue Unit,"905 Druid Ave, Charlottesville, VA 22902","$2,795",2 miles to UVa,https://offgroundshousing.student.virginia.edu/housing/property/905-druid-avenue-unit/69eed2v
"504 14th Street, Close to Corner, Large House w Parking Available","504 14th Street Northwest, Charlottesville, VA 22903","$1,200 /Bedroom",0.6 miles to UVa,https://offgroundshousing.student.virginia.edu/housing/property/504-14th-street-close-to-corner-large-house-w-parking-available/ocp2yjem4c
1625 Center Avenue Unit,"1625 Center Ave, Charlottesville, VA 22903","$2,400",0.6 miles to UVa,https://offgroundshousing.student.virginia.edu/housing/property/1625-center-avenue-unit/n3zc30n
3 Story,"107 High Avenue Northeast, Coeburn, VA 24230","$1,500",200+ miles to UVa,https://offgroundshousing.student.virginia.edu/housing/property/3-story/ocprs10t20
511 N 1st Street Unit 203,"511 1st St N, Charlottesville, VA 22902","$1,995",1.7 miles to UVa,https://offgroundshousing.student.virginia.edu/housing/property/511-n-1st-street-unit-203/gmpg8fy
Turtle Creek Condos,"143 Turtle Creek Road Apt 12, Charlottesville, VA 22901","$1,650 - $1,995",2.1 miles to UVa,https://offgroundshousing.student.virginia.edu/housing/property/turtle-creek-condos/ocph8n1r12
511 1st Street N Unit 203,"511 1st St N, Charlottesville, VA 22902","$1,995",1.7 miles to UVa,https://offgroundshousing.student.virginia.edu/housing/property/511-1st-street-n-unit-203/rx5wel1
"Affordable luxury living at Eagles Landing, close to Campus","140 Yellowstone Drive APT 303, Charlottesville, VA 22903","$1,770",1 miles to UVa,https://offgroundshousing.student.virginia.edu/housing/property/affordable-luxury-living-at-eagles-landing-close-to-campus/ocpy6h8d9s
975 Greenmurray Hill Unit,"975 Greenmurray Hill, Charlottesville, VA 22903","$2,250",5.9 miles to UVa,https://offgroundshousing.student.virginia.edu/housing/property/975-greenmurray-hill-unit/l05ld7e
2 Bdrm Apartment on West Main St,"625 West Main St., Charlottesville, VA 22903","$1,000",0.3 miles to UVa,https://offgroundshousing.student.virginia.edu/housing/property/2-bdrm-apartment-on-west-main-st/ocp8wbfgb3
1302 Crozet Avenue Unit,"1302 Crozet Ave, Crozet, VA 22932","$1,295",10.7 miles to UVa,https://offgroundshousing.student.virginia.edu/housing/property/1302-crozet-avenue-unit/9gt9v47
Ivy Gardens Apartment - Perfect for Summer Graduate and Undergrad Students & Faculty,"128 Ivy Drive, Charlottesville, VA 22903","$1,500",0.3 miles to UVa,https://offgroundshousing.student.virginia.edu/housing/property/ivy-gardens-apartment-perfect-for-summer-graduate-and-undergrad-students-and-faculty/ocp085h3n3
301 7th Street SW Unit A,"301 7th St SW, Charlottesville, VA 22903","$1,750",1 miles to UVa,https://offgroundshousing.student.virginia.edu/housing/property/301-7th-street-sw-unit-a/sv4bld4
"Sublease for June-July 20, 2026 (May start possible) - 3 min from UVA Law, 7 min from Medical Center",,"$3,650",0.4 miles to UVa,https://offgroundshousing.student.virginia.edu/housing/property/sublease-for-june-july-20-2026-may-start-possible-3-min-from-uva-law-7-min-from-medical-center/ocpnch9jwm
139 Old Fifth Circle Unit,"139 Old Fifth Cir, Charlottesville, VA 22903","$2,500",1.7 miles to UVa,https://offgroundshousing.student.virginia.edu/housing/property/139-old-fifth-circle-unit/j6x2m64
"2300 sq. ft. Townhome to Share, 1.4 Miles from Grounds","114 Harvest Drive, Charlottesville, VA 22903",$950 /Bedroom,0.3 miles to UVa,https://offgroundshousing.student.virginia.edu/housing/property/2300-sq-ft-townhome-to-share-1-4-miles-from-grounds/ocpl7vly2d
"730 Walker Sq (Charlottesville, VA)","730 Walker Sq, Charlottesville, VA 22903","$1,800",0.8 miles to UVa,https://offgroundshousing.student.virginia.edu/housing/property/730-walker-sq-charlottesville-va/50g1tbm
The Flats at West Village,"The Flats At West Village 852 West Main Street, Charlottesville,, VA 22903","$1,239 /Bedroom",0.7 miles to UVa,https://offgroundshousing.student.virginia.edu/housing/property/the-flats-at-west-village/ocp6r93pqv
"956 Huntwood Ln (Charlottesville, VA)","956 Huntwood Ln, Charlottesville, VA 22901","$2,300",2 miles to UVa,https://offgroundshousing.student.virginia.edu/housing/property/956-huntwood-ln-charlottesville-va/dxg1sxl
1 Bd Apt Walk or Bike to Campus,,"$1,200",1.5 miles to UVa,https://offgroundshousing.student.virginia.edu/housing/property/1-bd-apt-walk-or-bike-to-campus/ocpzsdlyxz
2308 Fontaine,"2308 Fontaine Ave Ext, Charlottesville, VA 22903","$3,200",0.9 miles to UVa,https://offgroundshousing.student.virginia.edu/housing/property/2308-fontaine/qwlrrzw
Towne Court,"762 King St., Charlottesville, VA 22903","$899 - $1,999",0.2 miles to UVa,https://offgroundshousing.student.virginia.edu/housing/property/towne-court/ocppj2mv5s
JB9172 - 104 Stratford Court,"104 Stratford Ct, Charlottesville, VA 22903","$2,000",0.6 miles to UVa,https://offgroundshousing.student.virginia.edu/housing/property/jb9172-104-stratford-court/yllxslv
Easy walkable access to UVA Grounds - NOW LEASING FOR THE 2026 2027 TERM,"343 15th Street Northwest, Charlottesville, VA 22903","$3,945",0.6 miles to UVa,https://offgroundshousing.student.virginia.edu/housing/property/easy-walkable-access-to-uva-grounds-now-leasing-for-the-2026-2027-term/ocpt77sgy9
Spacious Brookwood Townhome Near UVA Medical Center & Downtown,"215 Brookwood Dr, Charlottesville, VA 22902","$2,995",1.3 miles to UVa,https://offgroundshousing.student.virginia.edu/housing/property/spacious-brookwood-townhome-near-uva-medical-center-and-downtown/ckb7fmd
1304 Avon Street,"1304 Avon Street, Charlottesville, VA 22902","$1,895",,https://offgroundshousing.student.virginia.edu/housing/property/1304-avon-street/ocp1ylevb4
Brand New Pet-Friendly Crozet Apartment,"2209 Leeham St, Crozet, VA 22932","$1,795",10.8 miles to UVa,https://offgroundshousing.student.virginia.edu/housing/property/brand-new-pet-friendly-crozet-apartment/vwm9zbd
Fully furnished bedroom w/bath in Private Home,"1532 Lake Forest Drive, Charlottesville, VA 22901",$850 /Bedroom,2.7 miles to UVa,https://offgroundshousing.student.virginia.edu/housing/property/fully-furnished-bedroom-w-bath-in-private-home/ocp6cfejht
119 Observatory Lane - Close to UVA!,"119 Observatory Ave, Charlottesville, VA 22903","$1,995",0.7 miles to UVa,https://offgroundshousing.student.virginia.edu/housing/property/119-observatory-lane-close-to-uva/6p8fsst
Full house near West main for rent,"515 Brown Street, Charlottesville, VA 22903","$2,700",1.1 miles to UVa,https://offgroundshousing.student.virginia.edu/housing/property/full-house-near-west-main-for-rent/ocpgknwmnz
"1 Kanawha Ct (Palmyra, VA)","1 Kanawha Ct, Palmyra, VA 22963","$2,385",12.1 miles to UVa,https://offgroundshousing.student.virginia.edu/housing/property/1-kanawha-ct-palmyra-va/wk6hfvj
"2 Blocks from UVA Hospital, Nursing & Medical School! Now Pre-Leasing for the 2026/27 School Year","1023 King Street, Charlottesville, VA 22903","$3,250",0.9 miles to UVa,https://offgroundshousing.student.virginia.edu/housing/property/2-blocks-from-uva-hospital-nursing-and-medical-school-now-pre-leasing-for-the-2026-27-school-year/ocp2mfsflb
2 Bedroom Condo in Birnam Wood,"1542 Birnam Dr, Charlottesville, VA 22901","$1,785",3.1 miles to UVa,https://offgroundshousing.student.virginia.edu/housing/property/2-bedroom-condo-in-birnam-wood/s59e955
"Modern 1BR in 3BR/3.5BA Apartment at The Pointe – Steps from UVA, Private Suites, On-Site Gym","230 15th Street Northwest, Charlottesville, VA 22903","$1,465 /Bedroom",0.5 miles to UVa,https://offgroundshousing.student.virginia.edu/housing/property/modern-1br-in-3br-3-5ba-apartment-at-the-pointe-steps-from-uva-private-suites-on-site-gym/ocpjpv0y27
"102 Berwick Cir (Charlottesville, VA)","102 Berwick Cir, Charlottesville, VA 22901","$1,500",4.5 miles to UVa,https://offgroundshousing.student.virginia.edu/housing/property/102-berwick-cir-charlottesville-va/ygc00vv
Timberlake Cottage,"2701 Timberlake Road, Charlottesville, VA 22901","$2,050",5.4 miles to UVa,https://offgroundshousing.student.virginia.edu/housing/property/timberlake-cottage/ocprtsrkk0
3 Bedroom Flat Available at the Woodlands ...,"1810 Candlewood Ct, Charlottesville, VA 22903","$2,250",2 miles to UVa,https://offgroundshousing.student.virginia.edu/housing/property/3-bedroom-flat-available-at-the-woodlands/rzyvdp3
Walking distance to UVA grounds and UVA Hospital - Now Pre-Leasing for the 2027-2028 School year!,"516 Valley Road Unit A, Charlottesville, VA 22903","$4,295",0.1 miles to UVa,https://offgroundshousing.student.virginia.edu/housing/property/walking-distance-to-uva-grounds-and-uva-hospital-now-pre-leasing-for-the-2027-2028-school-year/ocp8wglym2
Student & Dog-Friendly Apartment Near UVA & Downtown,"616 Rockcreek Rd, Charlottesville, VA 22903","$1,495",0.8 miles to UVa,https://offgroundshousing.student.virginia.edu/housing/property/student-and-dog-friendly-apartment-near-uva-and-downtown/dtswevj
Grandmarc at the Corner,"301 15th Street Northwest, Charlottesville, VA 22903","$1,330 /Bedroom",0.6 miles to UVa,https://offgroundshousing.student.virginia.edu/housing/property/grandmarc-at-the-corner/ocp84lf752
Live in the Desirable Western Albemarle School District,"2405 Anlee Rd, Crozet, VA 22932","$2,795",10.8 miles to UVa,https://offgroundshousing.student.virginia.edu/housing/property/live-in-the-desirable-western-albemarle-school-district/fqw2t3t
Spring 2026 Sublet: Apartment at the V on the Corner,"201 15th Street Northwest, Charlottesville, VA 22903",$968 /Bedroom,0.5 miles to UVa,https://offgroundshousing.student.virginia.edu/housing/property/spring-2026-sublet-apartment-at-the-v-on-the-corner/ocpnh5wyfp
1542 Primrose Ln-,"1542 Primrose Ln, Charlottesville, VA 22902","$2,600",2.6 miles to UVa,https://offgroundshousing.student.virginia.edu/housing/property/1542-primrose-ln/8lx8zx0
630 Cabell Ave. Townhomes - Only ONE 2 bedroom left!,"630 Cabell Ave, Charlottesville, VA 22903","$1,250 /Bedroom",0.4 miles to UVa,https://offgroundshousing.student.virginia.edu/housing/property/630-cabell-ave-townhomes-only-one-2-bedroom-left/ocptj1ke19
King St.,"1307 King St, Charlottesville, VA 22903","$1,650",0.5 miles to UVa,https://offgroundshousing.student.virginia.edu/housing/property/king-st/h8yf2s2
Crossroads,"2111 Jefferson Park Avenue, Charlottesville, VA 22903",$400 /Bedroom,0 miles to UVa,https://offgroundshousing.student.virginia.edu/housing/property/crossroads/ocphbbc1t1
2383 Austin Drive,"2383 Austin Dr, Charlottesville, VA 22911","$2,250",10.2 miles to UVa,https://offgroundshousing.student.virginia.edu/housing/property/2383-austin-drive/hxs0zm3
"Varsity Park Apartments, 10 minute walk to grounds","1534 Virginia Avenue, Charlottesville, VA 22903","$1,300 /Bedroom",0.6 miles to UVa,https://offgroundshousing.student.virginia.edu/housing/property/varsity-park-apartments-10-minute-walk-to-grounds/ocpfe4zxsv
NPM7241 - 254 Stribling Avenue,"254 Stribling Ave, Charlottesville, VA 22903","$1,349",1.3 miles to UVa,https://offgroundshousing.student.virginia.edu/housing/property/npm7241-254-stribling-avenue/tgrm93c
Lease Takeover - $1150 per month for 2bd 1b near UVA campus,"210 Maury Avenue Apt 8, Charlottesville, VA 22903","$1,150",0 miles to UVa,https://offgroundshousing.student.virginia.edu/housing/property/lease-takeover-1150-per-month-for-2bd-1b-near-uva-campus/ocpjxpr1g7
Spacious Melbourne Park Townhome,"113 Melbourne Park Circle, Charlottesville, VA 22901","$2,470",2.1 miles to UVa,https://offgroundshousing.student.virginia.edu/housing/property/spacious-melbourne-park-townhome/zj3decx
Furnished Bedroom in North Grounds Condo,"136 Harvest Drive, Charlottesville, VA 22903",$733 /Bedroom,0.3 miles to UVa,https://offgroundshousing.student.virginia.edu/housing/property/furnished-bedroom-in-north-grounds-condo/ocpp1fw04s
Great Condo in Huntington Village,"124 Harvest Dr, Charlottesville, VA 22903","$2,950",1.1 miles to UVa,https://offgroundshousing.student.virginia.edu/housing/property/great-condo-in-huntington-village/q8bbj1y
"Minutes from UVA Grounds , UVA Hospital - Now Pre-Leasing for the 2026 2027 School Year","231 4th Street Southwest, Charlottesville, VA 22903","$2,795",1.2 miles to UVa,https://offgroundshousing.student.virginia.edu/housing/property/minutes-from-uva-grounds-uva-hospital-now-pre-leasing-for-the-2026-2027-school-year/ocp5byt0jp
Spacious Fry's Spring Basement Apartment,"2412 Jefferson Park Ave, Charlottesville, VA 22903","$1,725",0.9 miles to UVa,https://offgroundshousing.student.virginia.edu/housing/property/spacious-frys-spring-basement-apartment/3jhd9mf
Two Bedroom Apartment Walking Distance to UVA Hospital,,"$2,100",0.8 miles to UVa,https://offgroundshousing.student.virginia.edu/housing/property/two-bedroom-apartment-walking-distance-to-uva-hospital/ocpqp9lq8z
616 Rainier Road,"616 Rainier Rd, Charlottesville, VA 22903","$2,995",1 miles to UVa,https://offgroundshousing.student.virginia.edu/housing/property/616-rainier-road/ct7ss1f
Apartment behind Rugby Road,"1801 Lambeth Lane, Charlottesville, VA 22903","$1,025 /Bedroom",0.1 miles to UVa,https://offgroundshousing.student.virginia.edu/housing/property/apartment-behind-rugby-road/ocprrzbsm0
120 Raymond Ave A-,"120 Raymond Ave, Charlottesville, VA 22903","$3,000",0.9 miles to UVa,https://offgroundshousing.student.virginia.edu/housing/property/120-raymond-ave-a/dm1q6bh
4 bed/2.5 bath house with 2 large bonus rooms on Fontaine Ave,"2300A Fontaine Avenue, Charlottesville, VA 22903",$850 /Bedroom,0.4 miles to UVa,https://offgroundshousing.student.virginia.edu/housing/property/4-bed-2-5-bath-house-with-2-large-bonus-rooms-on-fontaine-ave/ocprtbhy50
301 Paton St B-,"301 Paton St, Charlottesville, VA 22903","$1,595",0.4 miles to UVa,https://offgroundshousing.student.virginia.edu/housing/property/301-paton-st-b/zn3wzkw
"Minutes from UVA Grounds , UVA Hospital - Now Pre-Leasing for the 2026 2027 School Year","231 4th Street Southwest, Charlottesville, VA 22903","$4,195",1.2 miles to UVa,https://offgroundshousing.student.virginia.edu/housing/property/minutes-from-uva-grounds-uva-hospital-now-pre-leasing-for-the-2026-2027-school-year/ocp71krlrz
Pet-Friendly New Construction in Crozet's Glenbrook Community,"2209 Leeham St, Crozet, VA 22932","$2,795",10.8 miles to UVa,https://offgroundshousing.student.virginia.edu/housing/property/pet-friendly-new-construction-in-crozets-glenbrook-community/pgmc1rs
"Cambridge Square, Close to Grounds","822 Cabell Avenue Apt E, Charlottesville, VA 22903",$900 /Bedroom,0.7 miles to UVa,https://offgroundshousing.student.virginia.edu/housing/property/cambridge-square-close-to-grounds/ocprw5q5p2
920 Anderson Street,"920 Anderson St, Charlottesville, VA 22903","$1,625",0.8 miles to UVa,https://offgroundshousing.student.virginia.edu/housing/property/920-anderson-street/w03bmdl
Renovated apartment near Football stadium,"Apple Tree Road, Charlottesville, VA 22903","$2,000",106.6 miles to UVa,https://offgroundshousing.student.virginia.edu/housing/property/renovated-apartment-near-football-stadium/ocpxx0wqfm
Student-Friendly 1BR Apartment Near The School of Data Science,"2114 Ivy Rd, Charlottesville, VA 22903","$1,395",0.7 miles to UVa,https://offgroundshousing.student.virginia.edu/housing/property/student-friendly-1br-apartment-near-the-school-of-data-science/1v5xej5
Varsity Park,"1534 Virginia Avenue, Charlottesville, VA 22903","$1,000 /Bedroom",0.6 miles to UVa,https://offgroundshousing.student.virginia.edu/housing/property/varsity-park/ocp3btb1gd
Conveniently Located Three Bedroom Condo,"1356 Villa Way, Charlottesville, VA 22903","$2,095",2.2 miles to UVa,https://offgroundshousing.student.virginia.edu/housing/property/conveniently-located-three-bedroom-condo/24c4hm8
Easy walk to UVA Grounds! PRE-LEASING FOR THE 2026-2027 SCHOOL YEAR,"513 Valley Road, Charlottesville, VA 22903","$5,495",0.4 miles to UVa,https://offgroundshousing.student.virginia.edu/housing/property/easy-walk-to-uva-grounds-pre-leasing-for-the-2026-2027-school-year/ocpj7qp9v6
112 Cleveland Ave,"112 Cleveland Ave, Charlottesville, VA 22903","$1,600",1.1 miles to UVa,https://offgroundshousing.student.virginia.edu/housing/property/112-cleveland-ave/rf9bq30
Master Bedroom Suite in Private Home,"1532 Lake Forest Drive, Charlottesville, VA 22901",$975 /Bedroom,2.7 miles to UVa,https://offgroundshousing.student.virginia.edu/housing/property/master-bedroom-suite-in-private-home/ocp0lfc1k2
"115 Hartford Ct (Charlottesville, VA)","115 Hartford Ct, Charlottesville, VA 22902","$2,300",2.2 miles to UVa,https://offgroundshousing.student.virginia.edu/housing/property/115-hartford-ct-charlottesville-va/69qe6jr
624-626 7 1/2 Street,"624 7 1 / 2 Street Southwest, Charlottesville, VA 22903",$750 /Bedroom,0.4 miles to UVa,https://offgroundshousing.student.virginia.edu/housing/property/624-626-7-1-2-street/ocpfmjejgt
Charming 2 Bedroom House Downtown,"701 St Clair Ave, Charlottesville, VA 22902","$1,600",2.1 miles to UVa,https://offgroundshousing.student.virginia.edu/housing/property/charming-2-bedroom-house-downtown/4cqx2ql
Upstairs apt located half a mile from the downtown mall with EV Charging optional,"142 Carlton Road, Charlottesville, VA 22902","$1,800 - $1,825",2.3 miles to UVa,https://offgroundshousing.student.virginia.edu/housing/property/upstairs-apt-located-half-a-mile-from-the-downtown-mall-with-ev-charging-optional/ocp164nrf6
105 Quince Lane,"105 Quince Ln, Charlottesville, VA 22902","$2,250",1.6 miles to UVa,https://offgroundshousing.student.virginia.edu/housing/property/105-quince-lane/yj8tw6r
Just One block from UVA! Now pre-leasing for the 2027-2028 school year,"209 Chancellor Street, Charlottesville, VA 22903","$2,150",0.1 miles to UVa,https://offgroundshousing.student.virginia.edu/housing/property/just-one-block-from-uva-now-pre-leasing-for-the-2027-2028-school-year/ocptkl5lv8
4 Bedroom Townhouse on Abington Drive,"2379 Abington Dr, Charlottesville, VA 22911","$2,685",7.4 miles to UVa,https://offgroundshousing.student.virginia.edu/housing/property/4-bedroom-townhouse-on-abington-drive/g023d7x
Turtle Creek Condo close to campus and hospital,"132 Turtle Creek Road #8, Charlottesville, VA 22901","$2,000",2.1 miles to UVa,https://offgroundshousing.student.virginia.edu/housing/property/turtle-creek-condo-close-to-campus-and-hospital/ocpdf1d29l
4BR Spring Creek Home with Resort-Style Amenities & Finished Basement,"70 Turkey Trot Ct, Zion Crossroads, VA 22942","$3,500",16.5 miles to UVa,https://offgroundshousing.student.virginia.edu/housing/property/4br-spring-creek-home-with-resort-style-amenities-and-finished-basement/r970tr2
2BR/1BA Garden Unit. Completely Remodeled. Flexible Lease Term to July 25th,,"$2,000",0.1 miles to UVa,https://offgroundshousing.student.virginia.edu/housing/property/2br-1ba-garden-unit-completely-remodeled-flexible-lease-term-to-july-25th/ocp1qb1lr5
109 Piedmont Ave N,"109 Piedmont Ave N, Charlottesville, VA 22903","$1,585",0.9 miles to UVa,https://offgroundshousing.student.virginia.edu/housing/property/109-piedmont-ave-n/tmm81m8
Walk to UVA! Now Pre-leasing for 2027/2028 school year,"126 Maywood Lane, Charlottesville, VA 22903","$3,950",0.2 miles to UVa,https://offgroundshousing.student.virginia.edu/housing/property/walk-to-uva-now-pre-leasing-for-2027-2028-school-year/ocpe8tv5cm
"1002 Linden Ave (Charlottesville, VA)","1002 Linden Ave, Charlottesville, VA 22902","$1,220",2.4 miles to UVa,https://offgroundshousing.student.virginia.edu/housing/property/1002-linden-ave-charlottesville-va/p5stv2t
Steps from The Rotunda! Now Pre-Leasing for the 2028/29 UVA School Year!,"175 Madison Lane, Charlottesville, VA 22903","$11,795",0.2 miles to UVa,https://offgroundshousing.student.virginia.edu/housing/property/steps-from-the-rotunda-now-pre-leasing-for-the-2028-29-uva-school-year/ocph7n2kz2
"2383 Austin Dr (Charlottesville, VA)","2383 Austin Dr, Charlottesville, VA 22911","$2,250",10.2 miles to UVa,https://offgroundshousing.student.virginia.edu/housing/property/2383-austin-dr-charlottesville-va/3qkhxcf
Private room with loft & private bathroom in shared suite off of JPA,"222 Stribling Avenue, Charlottesville, VA 22903",$725,0.6 miles to UVa,https://offgroundshousing.student.virginia.edu/housing/property/private-room-with-loft-and-private-bathroom-in-shared-suite-off-of-jpa/ocp4wgbkvj
Student-Friendly Fry's Spring Duplex Near UVA,"2512 Fontaine Ave Ext, Charlottesville, VA 22903","$1,750",1 miles to UVa,https://offgroundshousing.student.virginia.edu/housing/property/student-friendly-frys-spring-duplex-near-uva/z96qs1y
Prime location - Walking distance to UVA! Pre-leasing for 2027/2028 year!!,"505 Valley Road, Charlottesville, VA 22903","$10,395",0.3 miles to UVa,https://offgroundshousing.student.virginia.edu/housing/property/prime-location-walking-distance-to-uva-pre-leasing-for-2027-2028-year/ocp86bdqp1
"1000 Linden Ave (Charlottesville, VA)","1000 Linden Ave, Charlottesville, VA 22902","$1,180",2.4 miles to UVa,https://offgroundshousing.student.virginia.edu/housing/property/1000-linden-ave-charlottesville-va/hx5dfp0
"Spring Creek Golf community, Single Family Home Rental or Sale","29 Wood Duck Lane, Gordonsville, VA 22942","$3,000",18.2 miles to UVa,https://offgroundshousing.student.virginia.edu/housing/property/spring-creek-golf-community-single-family-home-rental-or-sale/ocp32khz3g
605 Shepherds Hill Road,"605 Shepards Hill Rd, Charlottesville, VA 22903","$1,400",2.6 miles to UVa,https://offgroundshousing.student.virginia.edu/housing/property/605-shepherds-hill-road/n2xc5vq
"129 Piedmont Ave N, Charlottesville, VA 22903","129 Piedmont Avenue North, Charlottesville, VA 22903",$900 /Bedroom,0.1 miles to UVa,https://offgroundshousing.student.virginia.edu/housing/property/129-piedmont-ave-n-charlottesville-va-22903/ocp8f71y90
509 Valley Rd. Duplex,"509 Valley Rd, Charlottesville, VA 22903","$1,755",0.7 miles to UVa,https://offgroundshousing.student.virginia.edu/housing/property/509-valley-rd-duplex/9xlcq54
Charming 2 Bedroom Cottage,"2432 Eastham Hill, Charlottesville, VA 22911","$1,725",7.8 miles to UVa,https://offgroundshousing.student.virginia.edu/housing/property/charming-2-bedroom-cottage/ocppxfsgcr
? Modern Comfort in a Prime UVA Location – 1800 JPA #610 ?,"1800 Jefferson Park Ave, Charlottesville, VA 22903","$1,400",0.5 miles to UVa,https://offgroundshousing.student.virginia.edu/housing/property/modern-comfort-in-a-prime-uva-location-1800-jpa-610/4lwjs0l
Yugo Crestline Charlottesville,"853 West Main Street, Charlottesville, VA 22903","$1,330 /Bedroom",0.7 miles to UVa,https://offgroundshousing.student.virginia.edu/housing/property/yugo-crestline-charlottesville/ocp5w4mdjp
Spacious Dog-Friendly Belvedere Apartment,"950 Belvedere Way, Charlottesville, VA 22901","$1,795",3.5 miles to UVa,https://offgroundshousing.student.virginia.edu/housing/property/spacious-dog-friendly-belvedere-apartment/2j23lb8
Unfurnished Studio Apartment Close to the Corner,"1203 Wertland Street Apt 13, Charlottesville, VA 22903","$1,575",0.6 miles to UVa,https://offgroundshousing.student.virginia.edu/housing/property/unfurnished-studio-apartment-close-to-the-corner/ocpqmlss3z
"Log Home Nestled in the Woods, Albemarle County Location","3126 Martin Kings Rd, Charlottesville, VA 22902","$2,650",10 miles to UVa,https://offgroundshousing.student.virginia.edu/housing/property/log-home-nestled-in-the-woods-albemarle-county-location/lqkr1ld
Bed and Bath for rent at The Standard Charlottesville,"853 West Main Street, Charlottesville, VA 22903","$1,000 /Bedroom",0.7 miles to UVa,https://offgroundshousing.student.virginia.edu/housing/property/bed-and-bath-for-rent-at-the-standard-charlottesville/ocpzp0vrqy
Pet-Friendly! Brand New End-Unit Apartment in Crozet's Glenbrook Neighborhood,"2213 Leeham St, Crozet, VA 22932","$1,885",10.8 miles to UVa,https://offgroundshousing.student.virginia.edu/housing/property/pet-friendly-brand-new-end-unit-apartment-in-crozets-glenbrook-neighborhood/8jkxjn0
1800 Jefferson Park Avenue -1 bedroom available in 2-bedroom apt,"1800 Jefferson Park Avenue, Charlottesville, VA 22903",$750 /Bedroom,0.1 miles to UVa,https://offgroundshousing.student.virginia.edu/housing/property/1800-jefferson-park-avenue-1-bedroom-available-in-2-bedroom-apt/ocp5d45jwp
jb9146-910 Stonehenge Ave,"910 Stonehenge Ave Ext, Charlottesville, VA 22902","$1,750",1.9 miles to UVa,https://offgroundshousing.student.virginia.edu/housing/property/jb9146-910-stonehenge-ave/g7r653x
Cherry Suites,"1001-1003 Cherry Avenue, Charlottesville, VA 22939",$899 - $999 /Bedroom,0.8 miles to UVa,https://offgroundshousing.student.virginia.edu/housing/property/cherry-suites/ocp03edsj0
Pet-Friendly Glenbrook Apartment Near Crozet Park,"2409 Anlee Rd, Crozet, VA 22932","$1,575",10.8 miles to UVa,https://offgroundshousing.student.virginia.edu/housing/property/pet-friendly-glenbrook-apartment-near-crozet-park/qjmq5zz
Madison House at UVA,"165 Madison Ln, Charlottesville, VA 22903",Call for Rent,0.4 miles to UVa,https://offgroundshousing.student.virginia.edu/housing/property/madison-house-at-uva/ryevmr3
Pet-Friendly New Construction in Crozet's Glenbrook Community,"2211 Leeham St, Crozet, VA 22932","$1,795",10.8 miles to UVa,https://offgroundshousing.student.virginia.edu/housing/property/pet-friendly-new-construction-in-crozets-glenbrook-community/x04gc8q
"222 Harvest Dr (Charlottesville, VA)","222 Harvest Dr, Charlottesville, VA 22903","$2,400",1.3 miles to UVa,https://offgroundshousing.student.virginia.edu/housing/property/222-harvest-dr-charlottesville-va/8d9rfj3
324 Caroline Ave,"324 Caroline Ave, Charlottesville, VA 22902","$1,560",2.3 miles to UVa,https://offgroundshousing.student.virginia.edu/housing/property/324-caroline-ave/ss2l0e6
"44 Sophie Kathryn Dr (Barboursville, VA)","44 Sophie Kathryn Dr, Barboursville, VA 22923","$2,695",15.4 miles to UVa,https://offgroundshousing.student.virginia.edu/housing/property/44-sophie-kathryn-dr-barboursville-va/djmx3xk
"521 Caddy Aly, Charlottesville, VA 22911","521 Caddy Aly, Charlottesville, VA 22911","$2,600",7.7 miles to UVa,https://offgroundshousing.student.virginia.edu/housing/property/521-caddy-aly-charlottesville-va-22911/zqkbxvy
112 Cleveland Ave,"112 Cleveland Ave, Charlottesville, VA 22903","$2,200",1.1 miles to UVa,https://offgroundshousing.student.virginia.edu/housing/property/112-cleveland-ave/9264d34
